0,1,2,3,4,5,6,7,8,9,10,11,12,13,14,15,16,17,18,19,20,21,22,23,24,25,26,27,28,29,30,31,32,33,34,35,36,37,38,39,40,41,42,43,44,45,46,47,48,49,50
,38.078865529319536,30.805843601498733,39.35733730830886,36.05551275463989,40.311288741492746,33.301651610693426,35.355339059327385,39.05124837953327,33.541019662496836,31.622776601683796,33.52610922848042,32.38826948140329,38.078865529319536,35.355339059327385,39.293765408777,41.23105625617661,40.311288741492746,45.17742799230607,40.04996878900158,35.05709628591621,45.0,35.0,45.04442251822083,35.05709628591621,45.276925690687094,58.523499553598135,57.00877125495689,55.71355310873648,52.20153254455275,52.0,50.28916384272063,51.078371156488544,51.478150704935004,47.434164902525694,44.20407221060069,43.01162633521314,40.607881008493905,37.20215047547654,36.05551275463989,40.311288741492746,30.805843601498733,33.541019662496836,38.078865529319536,35.341194094144576,37.735924528226406,37.20215047547654,38.3275357934736,45.04442251822083,38.05259518088089,35.341194094144576
38.078865529319536,,10.44030650891055,3.0,7.071067811865476,5.0,12.206555615733702,14.142135623730953,11.180339887498945,52.20153254455275,47.434164902525694,48.10405388322278,43.46262762420146,53.851648071345046,44.721359549995796,50.53711507397311,51.478150704935004,47.16990566028302,82.22530024268686,76.90253571892151,72.03471385380801,81.39410298049853,71.58910531638178,81.04936767180853,71.19691004531025,80.62257748298549,89.02246907382427,86.02325267042627,86.68333173107735,82.00609733428362,83.6301381082203,80.43009387039156,82.87943049997388,84.8528137423857,78.10249675906654,42.0,40.0,40.11234224026316,37.336309405188935,35.355339059327385,35.0,34.48187929913333,30.413812651491103,30.0,30.14962686336267,5.830951894845301,8.602325267042627,46.14108798023731,81.78630692236935,74.95331880577403,68.62215385719105
30.805843601498733,10.44030650891055,,10.0,5.385164807134505,10.198039027185569,4.0,7.0,8.602325267042627,41.7612260356422,37.0,37.69615364994153,33.1058907144937,43.46262762420146,34.48187929913333,40.311288741492746,41.340053217188775,37.20215047547654,73.37574531137656,68.00735254367721,63.24555320336759,72.27724399837061,62.64183905346329,71.80529228406495,62.096698785040104,71.19691004531025,85.75546629807339,83.24061508662703,83.21658488546619,78.89233169326407,79.88116173416608,77.17512552629896,79.05694150420948,80.43009387039156,74.62573282722255,46.09772228646443,44.147480109288225,43.56604182158393,40.311288741492746,38.3275357934736,39.293765408777,36.0,33.376638536557266,34.48187929913333,33.734255586866,7.280109889280517,6.4031242374328485,36.05551275463989,72.80109889280519,66.09841147864296,64.03124237432849
39.35733730830886,3.0,10.0,,5.385164807134505,2.0,10.77032961426901,12.206555615733702,8.602325267042627,51.41984052872977,46.57252408878007,47.12748667179272,42.37924020083418,52.810983706043565,43.46262762420146,49.24428900898052,50.089919145472784,45.65084884205331,82.96987405076617,77.62087348130012,72.80109889280519,82.0,72.27724399837061,81.58431221748455,71.80529228406495,81.04936767180853,91.40021881811882,88.48163651289457,89.02246907382427,84.40379138403677,85.9127464349732,82.80096617793781,85.14693182963201,87.0,80.43009387039156,45.0,43.0,43.104524124504614,40.311288741492746,38.3275357934736,38.0,37.36308338453881,33.376638536557266,33.0,33.13608305156178,3.6055512754639887,6.4031242374328485,44.721359549995796,82.46211251235322,75.69015788066504,70.71067811865477
36.05551275463989,7.071067811865476,5.385164807134505,5.385164807134505,,5.0,5.385164807134505,7.071067811865476,5.0,46.09772228646443,41.23105625617661,41.7612260356422,37.0,47.434164902525694,38.078865529319536,43.86342439892262,44.721359549995796,40.311288741492746,78.74642849044012,73.37574531137656,68.62215385719105,77.62087348130012,68.00735254367721,77.12976079309466,67.44627491566901,76.48529270389176,90.13878188659972,87.46427842267951,87.65842800324451,83.21658488546619,84.40379138403677,81.54140052758476,83.60023923410746,85.14693182963201,79.05694150420948,47.2652091923859,45.276925690687094,45.04442251822083,42.0,40.0,40.311288741492746,38.3275357934736,35.0,35.355339059327385,35.05709628591621,2.0,2.0,39.35733730830886,78.16009211867653,71.47027354082255,68.76772498781678
40.311288741492746,5.0,10.198039027185569,2.0,5.0,,10.198039027185569,11.180339887498945,7.071067811865476,50.99019513592785,46.09772228646443,46.57252408878007,41.7612260356422,52.20153254455275,42.72001872658765,48.46648326421054,49.24428900898052,44.721359549995796,83.5224520712844,78.16009211867653,73.37574531137656,82.46211251235322,72.80109889280519,82.0,72.27724399837061,81.39410298049853,93.00537618869137,90.13878188659972,90.60353193998566,86.02325267042627,87.45856161634491,84.40379138403677,86.68333173107735,88.45903006477066,82.00609733428362,47.0,45.0,45.09988913511872,42.2965719651132,40.311288741492746,40.0,39.293765408777,35.355339059327385,35.0,35.128336140500586,3.0,5.385164807134505,43.86342439892262,82.96987405076617,76.24303246854758,72.13875518748573
33.301651610693426,12.206555615733702,4.0,10.77032961426901,5.385164807134505,10.198039027185569,,3.0,5.830951894845301,40.79215610874228,35.902646142032474,36.40054944640259,31.622776601683796,42.05948168962618,32.69556544854363,38.48376280978771,39.35733730830886,34.9857113690718,74.67261881037787,69.28924880528002,64.62197768561404,73.37574531137656,63.906181234681824,72.80109889280519,63.24555320336759,72.03471385380801,89.18520056601321,86.76981041814025,86.6083136886985,82.365041127896,83.21658488546619,80.62257748298549,82.37718130647589,83.60023923410746,78.03204469959762,50.009999000199954,48.05205510693585,47.51841748206689,44.28317965096907,42.2965719651132,43.17406628984581,40.0,37.336309405188935,38.3275357934736,37.65634076752546,7.280109889280517,5.0,34.0,74.0,67.41661516273271,67.20119046564577
35.355339059327385,14.142135623730953,7.0,12.206555615733702,7.071067811865476,11.180339887498945,3.0,,5.0,40.311288741492746,35.355339059327385,35.6931365951495,30.805843601498733,41.23105625617661,31.622776601683796,37.336309405188935,38.078865529319536,33.541019662496836,75.76938695805845,70.38465741907109,65.79513659838392,74.33034373659251,65.0,73.6817480791546,64.25729530566936,72.80109889280519,91.78779875342909,89.44271909999159,89.18520056601321,85.0,85.75546629807339,83.24061508662703,84.90583018850944,86.02325267042627,80.62257748298549,52.9528091794949,50.99019513592785,50.48762224545735,47.2652091923859,45.276925690687094,46.09772228646443,43.0,40.311288741492746,41.23105625617661,40.607881008493905,8.602325267042627,5.830951894845301,32.69556544854363,75.02666192761077,68.54195795277518,69.63476143421474
39.05124837953327,11.180339887498945,8.602325267042627,8.602325267042627,5.0,7.071067811865476,5.830951894845301,5.0,,45.276925690687094,40.311288741492746,40.607881008493905,35.6931365951495,46.09772228646443,36.40054944640259,42.05948168962618,42.72001872658765,38.078865529319536,80.4114419718985,75.02666192761077,70.38465741907109,79.05694150420948,69.6419413859206,78.44743462982075,68.9492567037528,77.62087348130012,94.33981132056604,91.78779875342909,91.80958555619343,87.46427842267951,88.48163651289457,85.75546629807339,87.65842800324451,89.02246907382427,83.21658488546619,52.23983154643591,50.24937810560446,50.039984012787215,47.0,45.0,45.276925690687094,43.289721643826724,40.0,40.311288741492746,40.04996878900158,5.385164807134505,3.0,37.336309405188935,79.71198153351854,73.16419889536138,72.62231062146122
33.541019662496836,52.20153254455275,41.7612260356422,51.41984052872977,46.09772228646443,50.99019513592785,40.79215610874228,40.311288741492746,45.276925690687094,,5.0,5.385164807134505,10.198039027185569,5.0,11.180339887498945,9.433981132056603,11.180339887498945,14.142135623730953,45.34313619501854,40.607881008493905,37.735924528226406,42.42640687119285,36.05551275463989,41.03656905736639,34.40930106817051,39.05124837953327,85.14693182963201,85.0,82.15229759416349,80.0,78.16009211867653,78.0,77.1621668954417,75.66372975210778,75.0,75.82216034906945,74.33034373659251,72.34638899074369,68.76772498781678,67.26812023536857,70.71067811865477,62.481997407253225,63.63961030678929,67.26812023536857,65.06919393998976,48.05205510693585,45.70557952810575,12.806248474865697,43.86342439892262,39.408120990476064,62.0
31.622776601683796,47.434164902525694,37.0,46.57252408878007,41.23105625617661,46.09772228646443,35.902646142032474,35.355339059327385,40.311288741492746,5.0,,2.0,5.385164807134505,7.071067811865476,7.071067811865476,8.0,10.0,11.180339887498945,48.79549159502341,43.86342439892262,40.607881008493905,46.09772228646443,39.05124837953327,44.82186966202993,37.53664875824692,43.01162633521314,85.58621384311844,85.14693182963201,82.60750571225353,80.15609770940699,78.63841300535,78.16009211867653,77.64663547121665,76.48529270389176,75.16648189186455,72.62231062146122,71.06335201775947,69.20260110718382,65.60487786742691,64.03124237432849,67.26812023536857,59.405386961116584,60.207972893961475,63.63961030678929,61.554853586049575,43.17406628984581,40.79215610874228,9.433981132056603,47.4236228055175,42.5205832509386,62.201286160335954
33.52610922848042,48.10405388322278,37.69615364994153,47.12748667179272,41.7612260356422,46.57252408878007,36.40054944640259,35.6931365951495,40.607881008493905,5.385164807134505,2.0,,5.0,5.830951894845301,5.830951894845301,6.0,8.0,9.433981132056603,50.20956084253278,45.34313619501854,42.20189569201838,47.4236228055175,40.607881008493905,46.09772228646443,39.05124837953327,44.20407221060069,87.5728268357257,87.14355971613737,84.5931439302264,82.15229759416349,80.62257748298549,80.15609770940699,79.6303962064738,78.44743462982075,77.1621668954417,74.2024258363566,72.62231062146122,70.80254232723568,67.20119046564577,65.60487786742691,68.76772498781678,61.03277807866851,61.71709649683789,65.06919393998976,63.0317380372777,43.68065933568311,41.23105625617661,7.810249675906653,48.79549159502341,44.04543109109048,64.19501538281614
32.38826948140329,43.46262762420146,33.1058907144937,42.37924020083418,37.0,41.7612260356422,31.622776601683796,30.805843601498733,35.6931365951495,10.198039027185569,5.385164807134505,5.0,,10.44030650891055,3.0,7.810249675906653,9.433981132056603,8.0,53.81449618829484,48.79549159502341,45.34313619501854,51.22499389946279,43.86342439892262,50.0,42.42640687119285,48.25971404805462,88.28363381737297,87.5728268357257,85.32877591996736,82.60750571225353,81.39410298049853,80.62257748298549,80.4114419718985,79.55501241279521,77.64663547121665,71.28113354878694,69.63476143421474,67.95586803212802,64.35060217278468,62.681735776859284,65.60487786742691,58.309518948453004,58.600341295934456,61.71709649683789,59.816385714952716,38.89730067755345,36.40054944640259,6.0,52.497618993626745,47.38143096192854,64.77653896280658
38.078865529319536,53.851648071345046,43.46262762420146,52.810983706043565,47.434164902525694,52.20153254455275,42.05948168962618,41.23105625617661,46.09772228646443,5.0,7.071067811865476,5.830951894845301,10.44030650891055,,10.0,5.830951894845301,7.071067811865476,11.180339887498945,49.203658400570184,44.654227123532216,42.05948168962618,46.09772228646443,40.311288741492746,44.598206241955516,38.58756276314948,42.42640687119285,90.13878188659972,90.0,87.14355971613737,85.0,83.15046602394962,83.0,82.15229759416349,80.62257748298549,80.0,79.64923100695951,78.10249675906654,76.21679604916491,72.62231062146122,71.06335201775947,74.33034373659251,66.40030120413611,67.26812023536857,70.71067811865477,68.62215385719105,49.33558553417603,46.84015371452148,10.44030650891055,47.63402145525821,43.56604182158393,67.0
35.355339059327385,44.721359549995796,34.48187929913333,43.46262762420146,38.078865529319536,42.72001872658765,32.69556544854363,31.622776601683796,36.40054944640259,11.180339887498945,7.071067811865476,5.830951894845301,3.0,10.0,,5.830951894845301,7.071067811865476,5.0,55.86591089385368,50.931326312987366,47.63402145525821,53.150729063673246,46.09772228646443,51.85556864985669,44.598206241955516,50.0,91.2414379544733,90.55385138137414,88.28363381737297,85.58621384311844,84.34453153583817,83.60023923410746,83.3606621854697,82.46211251235322,80.62257748298549,73.78346698278686,72.11102550927978,70.49113419430843,66.88796603276258,65.19202405202647,68.00735254367721,60.901559914340446,61.03277807866851,64.03124237432849,62.201286160335954,39.924929555354254,37.336309405188935,3.0,54.488530903301104,49.57822102496216,67.7421582177598
39.293765408777,50.53711507397311,40.311288741492746,49.24428900898052,43.86342439892262,48.46648326421054,38.48376280978771,37.336309405188935,42.05948168962618,9.433981132056603,8.0,6.0,7.810249675906653,5.830951894845301,5.830951894845301,,2.0,5.385164807134505,54.67174773134658,50.0,47.16990566028302,51.66236541235796,45.48626166217664,50.20956084253278,43.829214001622255,48.10405388322278,93.53608929178085,93.1343116150004,90.55385138137414,88.14193099768124,86.57944328765345,86.14522621712709,85.58621384311844,84.34453153583817,83.15046602394962,79.05694150420948,77.42092740338363,75.71657678474378,72.11102550927978,70.45565981523414,73.40980860893181,66.03786792439622,66.40030120413611,69.52697318307479,67.62396025078685,45.69463863518345,43.08131845707604,5.0,53.150729063673246,48.82622246293481,70.178344238091
41.23105625617661,51.478150704935004,41.340053217188775,50.089919145472784,44.721359549995796,49.24428900898052,39.35733730830886,38.078865529319536,42.72001872658765,11.180339887498945,10.0,8.0,9.433981132056603,7.071067811865476,7.071067811865476,2.0,,5.0,56.222771187482394,51.61395160225575,48.877397639399746,53.150729063673246,47.16990566028302,51.66236541235796,45.48626166217664,49.49747468305833,95.524865872714,95.13148795220225,92.5418824100742,90.13878188659972,88.56635930193814,88.14193099768124,87.5728268357257,86.31338250816034,85.14693182963201,80.7093550959243,79.05694150420948,77.38862965578342,73.78346698278686,72.11102550927978,75.0,67.7421582177598,68.00735254367721,71.06335201775947,69.20260110718382,46.51881339845203,43.86342439892262,5.385164807134505,54.67174773134658,50.47771785649585,72.17340230306452
40.311288741492746,47.16990566028302,37.20215047547654,45.65084884205331,40.311288741492746,44.721359549995796,34.9857113690718,33.541019662496836,38.078865529319536,14.142135623730953,11.180339887498945,9.433981132056603,8.0,11.180339887498945,5.0,5.385164807134505,5.0,,59.464274989274024,54.67174773134658,51.61395160225575,56.56854249492381,50.0,55.17245689653489,48.41487374764082,53.150729063673246,96.17692030835673,95.524865872714,93.2148056909416,90.55385138137414,89.26925562588724,88.56635930193814,88.28363381737297,87.32124598286491,85.58621384311844,78.03204469959762,76.32168761236873,74.79304780526061,71.19691004531025,69.46221994724903,72.11102550927978,65.29931086925804,65.19202405202647,68.00735254367721,66.2872536767062,42.05948168962618,39.35733730830886,2.0,58.0,53.41348144429457,72.69112738154499
45.17742799230607,82.22530024268686,73.37574531137656,82.96987405076617,78.74642849044012,83.5224520712844,74.67261881037787,75.76938695805845,80.4114419718985,45.34313619501854,48.79549159502341,50.20956084253278,53.81449618829484,49.203658400570184,55.86591089385368,54.67174773134658,56.222771187482394,59.464274989274024,,5.385164807134505,10.198039027185569,4.0,10.77032961426901,6.0,11.6619037896906,9.0,56.79788728465171,59.16924876994806,54.12023651093924,54.918120870983934,50.60632371551997,53.25410782277739,49.73932046178354,45.61797891182818,50.80354318352215,83.24061508662703,82.71033792700888,79.81227975693966,77.12976079309466,76.68767828015137,81.58431221748455,71.386273190299,75.80237463298891,80.75270893288967,77.78174593052024,80.65358020571685,79.37883848986453,58.0,2.0,7.280109889280517,41.03656905736639
40.04996878900158,76.90253571892151,68.00735254367721,77.62087348130012,73.37574531137656,78.16009211867653,69.28924880528002,70.38465741907109,75.02666192761077,40.607881008493905,43.86342439892262,45.34313619501854,48.79549159502341,44.654227123532216,50.931326312987366,50.0,51.61395160225575,54.67174773134658,5.385164807134505,,5.0,5.385164807134505,5.385164807134505,6.4031242374328485,6.4031242374328485,8.602325267042627,56.64803615307419,58.600341295934456,53.851648071345046,54.12023651093924,50.15974481593781,52.3545604508337,49.24428900898052,45.541190146942796,49.73932046178354,79.05694150420948,78.44743462982075,75.58438992278762,72.80109889280519,72.27724399837061,77.12976079309466,66.94027188471824,71.19691004531025,76.11832893594027,73.16419889536138,75.28612089887484,74.0,53.150729063673246,5.0,2.0,39.05124837953327
35.05709628591621,72.03471385380801,63.24555320336759,72.80109889280519,68.62215385719105,73.37574531137656,64.62197768561404,65.79513659838392,70.38465741907109,37.735924528226406,40.607881008493905,42.20189569201838,45.34313619501854,42.05948168962618,47.63402145525821,47.16990566028302,48.877397639399746,51.61395160225575,10.198039027185569,5.0,,10.198039027185569,2.0,10.77032961426901,4.0,12.206555615733702,55.081757415681636,56.64803615307419,52.20153254455275,52.0,48.383881613611784,50.15974481593781,47.434164902525694,44.147480109288225,47.4236228055175,74.33034373659251,73.6817480791546,70.83784299369934,68.00735254367721,67.44627491566901,72.27724399837061,62.096698785040104,66.2872536767062,71.19691004531025,68.24954212300622,70.51950084905594,69.28924880528002,50.0,10.0,3.0,36.05551275463989
45.0,81.39410298049853,72.27724399837061,82.0,77.62087348130012,82.46211251235322,73.37574531137656,74.33034373659251,79.05694150420948,42.42640687119285,46.09772228646443,47.4236228055175,51.22499389946279,46.09772228646443,53.150729063673246,51.66236541235796,53.150729063673246,56.56854249492381,4.0,5.385164807134505,10.198039027185569,,10.0,2.0,10.198039027185569,5.0,60.41522986797286,62.64982043070834,57.69748694700662,58.309518948453004,54.12023651093924,56.60388679233962,53.23532661682466,49.24428900898052,54.083269131959845,84.43340571124678,83.81527307120105,80.95677859203639,78.16009211867653,77.62087348130012,82.46211251235322,72.27724399837061,76.48529270389176,81.39410298049853,78.44743462982075,79.55501241279521,78.16009211867653,55.17245689653489,2.0,7.280109889280517,43.86342439892262
35.0,71.58910531638178,62.64183905346329,72.27724399837061,68.00735254367721,72.80109889280519,63.906181234681824,65.0,69.6419413859206,36.05551275463989,39.05124837953327,40.607881008493905,43.86342439892262,40.311288741492746,46.09772228646443,45.48626166217664,47.16990566028302,50.0,10.77032961426901,5.385164807134505,2.0,10.0,,10.198039027185569,2.0,11.180339887498945,57.00877125495689,58.523499553598135,54.12023651093924,53.851648071345046,50.28916384272063,52.0,49.33558553417603,46.09772228646443,49.24428900898052,75.02666192761077,74.33034373659251,71.5122367151245,68.62215385719105,68.00735254367721,72.80109889280519,62.64183905346329,66.70832032063167,71.58910531638178,68.65857557508748,69.92138442565336,68.62215385719105,48.41487374764082,10.198039027185569,3.6055512754639887,37.735924528226406
45.04442251822083,81.04936767180853,71.80529228406495,81.58431221748455,77.12976079309466,82.0,72.80109889280519,73.6817480791546,78.44743462982075,41.03656905736639,44.82186966202993,46.09772228646443,50.0,44.598206241955516,51.85556864985669,50.20956084253278,51.66236541235796,55.17245689653489,6.0,6.4031242374328485,10.77032961426901,2.0,10.198039027185569,,10.0,3.0,62.24146527838174,64.41273166075166,59.506302187247364,60.03332407921454,55.90169943749475,58.309518948453004,55.009090157900275,51.078371156488544,55.7584074378026,85.09406559801924,84.43340571124678,81.59656855530139,78.74642849044012,78.16009211867653,82.96987405076617,72.80109889280519,76.90253571892151,81.78630692236935,78.85429601486528,79.07591289387686,77.62087348130012,53.81449618829484,4.0,8.06225774829855,45.34313619501854
35.05709628591621,71.19691004531025,62.096698785040104,71.80529228406495,67.44627491566901,72.27724399837061,63.24555320336759,64.25729530566936,68.9492567037528,34.40930106817051,37.53664875824692,39.05124837953327,42.42640687119285,38.58756276314948,44.598206241955516,43.829214001622255,45.48626166217664,48.41487374764082,11.6619037896906,6.4031242374328485,4.0,10.198039027185569,2.0,10.0,,10.44030650891055,58.9406481131655,60.40695324215582,56.04462507680822,55.71355310873648,52.20153254455275,53.851648071345046,51.24451190127583,48.05205510693585,51.078371156488544,75.76938695805845,75.02666192761077,72.2357252334328,69.28924880528002,68.62215385719105,73.37574531137656,63.24555320336759,67.1863081289633,72.03471385380801,69.12307863514182,69.3757882838098,68.00735254367721,46.861498055439924,10.77032961426901,5.0,39.446165846632034
45.276925690687094,80.62257748298549,71.19691004531025,81.04936767180853,76.48529270389176,81.39410298049853,72.03471385380801,72.80109889280519,77.62087348130012,39.05124837953327,43.01162633521314,44.20407221060069,48.25971404805462,42.42640687119285,50.0,48.10405388322278,49.49747468305833,53.150729063673246,9.0,8.602325267042627,12.206555615733702,5.0,11.180339887498945,3.0,10.44030650891055,,65.0,67.08203932499369,62.24146527838174,62.64982043070834,58.600341295934456,60.901559914340446,57.69748694700662,53.851648071345046,58.309518948453004,86.16263691415207,85.44003745317532,82.63776376451628,79.71198153351854,79.05694150420948,83.81527307120105,73.6817480791546,77.62087348130012,82.46211251235322,79.55501241279521,78.44743462982075,76.90253571892151,51.85556864985669,7.0,9.899494936611664,47.63402145525821
58.523499553598135,89.02246907382427,85.75546629807339,91.40021881811882,90.13878188659972,93.00537618869137,89.18520056601321,91.78779875342909,94.33981132056604,85.14693182963201,85.58621384311844,87.5728268357257,88.28363381737297,90.13878188659972,91.2414379544733,93.53608929178085,95.524865872714,96.17692030835673,56.79788728465171,56.64803615307419,55.081757415681636,60.41522986797286,57.00877125495689,62.24146527838174,58.9406481131655,65.0,,5.0,3.0,7.071067811865476,7.0,8.602325267042627,8.0,11.180339887498945,11.180339887498945,61.71709649683789,62.64982043070834,60.03332407921454,59.908263203000644,61.03277807866851,65.19202405202647,58.25804665451803,64.03124237432849,68.00735254367721,65.60487786742691,91.26335518706291,91.80958555619343,94.2019108086455,58.600341295934456,55.97320787662612,23.53720459187964
57.00877125495689,86.02325267042627,83.24061508662703,88.48163651289457,87.46427842267951,90.13878188659972,86.76981041814025,89.44271909999159,91.78779875342909,85.0,85.14693182963201,87.14355971613737,87.5728268357257,90.0,90.55385138137414,93.1343116150004,95.13148795220225,95.524865872714,59.16924876994806,58.600341295934456,56.64803615307419,62.64982043070834,58.523499553598135,64.41273166075166,60.40695324215582,67.08203932499369,5.0,,5.830951894845301,5.0,8.602325267042627,7.0,9.433981132056603,14.142135623730953,10.0,57.30619512757761,58.309518948453004,55.7584074378026,55.803225713214815,57.00877125495689,61.03277807866851,54.488530903301104,60.207972893961475,64.03124237432849,61.71709649683789,88.50988645343523,89.18520056601321,93.53608929178085,60.901559914340446,57.77542730261716,23.0
55.71355310873648,86.68333173107735,83.21658488546619,89.02246907382427,87.65842800324451,90.60353193998566,86.6083136886985,89.18520056601321,91.80958555619343,82.15229759416349,82.60750571225353,84.5931439302264,85.32877591996736,87.14355971613737,88.28363381737297,90.55385138137414,92.5418824100742,93.2148056909416,54.12023651093924,53.851648071345046,52.20153254455275,57.69748694700662,54.12023651093924,59.506302187247364,56.04462507680822,62.24146527838174,3.0,5.830951894845301,,5.385164807134505,4.0,6.4031242374328485,5.0,8.602325267042627,8.602325267042627,60.41522986797286,61.26989472816157,58.591808301161,58.309518948453004,59.363288318623326,63.63175307973214,56.4003546088143,62.201286160335954,66.2872536767062,63.820059542435395,88.81441324469807,89.30845424706443,91.2414379544733,55.90169943749475,53.141321022345686,20.615528128088304
52.20153254455275,82.00609733428362,78.89233169326407,84.40379138403677,83.21658488546619,86.02325267042627,82.365041127896,85.0,87.46427842267951,80.0,80.15609770940699,82.15229759416349,82.60750571225353,85.0,85.58621384311844,88.14193099768124,90.13878188659972,90.55385138137414,54.918120870983934,54.12023651093924,52.0,58.309518948453004,53.851648071345046,60.03332407921454,55.71355310873648,62.64982043070834,7.071067811865476,5.0,5.385164807134505,,5.385164807134505,2.0,5.830951894845301,11.180339887498945,5.0,55.036351623268054,55.90169943749475,53.23532661682466,53.0,54.083269131959845,58.309518948453004,51.22499389946279,57.00877125495689,61.03277807866851,58.600341295934456,84.31488599292535,84.90583018850944,88.56635930193814,56.60388679233962,53.22593352868506,18.0
52.0,83.6301381082203,79.88116173416608,85.9127464349732,84.40379138403677,87.45856161634491,83.21658488546619,85.75546629807339,88.48163651289457,78.16009211867653,78.63841300535,80.62257748298549,81.39410298049853,83.15046602394962,84.34453153583817,86.57944328765345,88.56635930193814,89.26925562588724,50.60632371551997,50.15974481593781,48.383881613611784,54.12023651093924,50.28916384272063,55.90169943749475,52.20153254455275,58.600341295934456,7.0,8.602325267042627,4.0,5.385164807134505,,5.0,1.0,5.830951894845301,5.830951894845301,58.872744118140105,59.615434243155526,56.85947590331801,56.35601121442149,57.30619512757761,61.71709649683789,54.083269131959845,59.908263203000644,64.14047084329829,61.58733636065129,85.60373823613078,86.02325267042627,87.29833904490967,52.3545604508337,49.396356140913866,16.76305461424021
50.28916384272063,80.43009387039156,77.17512552629896,82.80096617793781,81.54140052758476,84.40379138403677,80.62257748298549,83.24061508662703,85.75546629807339,78.0,78.16009211867653,80.15609770940699,80.62257748298549,83.0,83.60023923410746,86.14522621712709,88.14193099768124,88.56635930193814,53.25410782277739,52.3545604508337,50.15974481593781,56.60388679233962,52.0,58.309518948453004,53.851648071345046,60.901559914340446,8.602325267042627,7.0,6.4031242374328485,2.0,5.0,,5.0990195135927845,10.44030650891055,3.0,54.23098745182499,55.036351623268054,52.32590180780453,51.97114584074514,53.0,57.30619512757761,50.0,55.803225713214815,59.908263203000644,57.42821606144492,82.66196223173027,83.21658488546619,86.57944328765345,54.918120870983934,51.429563482495155,16.0
51.078371156488544,82.87943049997388,79.05694150420948,85.14693182963201,83.60023923410746,86.68333173107735,82.37718130647589,84.90583018850944,87.65842800324451,77.1621668954417,77.64663547121665,79.6303962064738,80.4114419718985,82.15229759416349,83.3606621854697,85.58621384311844,87.5728268357257,88.28363381737297,49.73932046178354,49.24428900898052,47.434164902525694,53.23532661682466,49.33558553417603,55.009090157900275,51.24451190127583,57.69748694700662,8.0,9.433981132056603,5.0,5.830951894845301,1.0,5.0990195135927845,,5.385164807134505,5.385164807134505,58.523499553598135,59.23681287847955,56.46237685397242,55.90169943749475,56.82429058070149,61.26989472816157,53.535035257296684,59.363288318623326,63.63175307973214,61.05735008989499,84.81155581640985,85.21150157109074,86.31338250816034,51.478150704935004,48.46648326421054,15.811388300841895
51.478150704935004,84.8528137423857,80.43009387039156,87.0,85.14693182963201,88.45903006477066,83.60023923410746,86.02325267042627,89.02246907382427,75.66372975210778,76.48529270389176,78.44743462982075,79.55501241279521,80.62257748298549,82.46211251235322,84.34453153583817,86.31338250816034,87.32124598286491,45.61797891182818,45.541190146942796,44.147480109288225,49.24428900898052,46.09772228646443,51.078371156488544,48.05205510693585,53.851648071345046,11.180339887498945,14.142135623730953,8.602325267042627,11.180339887498945,5.830951894845301,10.44030650891055,5.385164807134505,,10.0,62.64183905346329,63.24555320336759,60.40695324215582,59.615434243155526,60.41522986797286,65.0,56.82429058070149,62.64982043070834,67.08203932499369,64.41273166075166,86.45229898620394,86.68333173107735,85.375640553966,47.4236228055175,44.922154890432395,16.401219466856727
47.434164902525694,78.10249675906654,74.62573282722255,80.43009387039156,79.05694150420948,82.00609733428362,78.03204469959762,80.62257748298549,83.21658488546619,75.0,75.16648189186455,77.1621668954417,77.64663547121665,80.0,80.62257748298549,83.15046602394962,85.14693182963201,85.58621384311844,50.80354318352215,49.73932046178354,47.4236228055175,54.083269131959845,49.24428900898052,55.7584074378026,51.078371156488544,58.309518948453004,11.180339887498945,10.0,8.602325267042627,5.0,5.830951894845301,3.0,5.385164807134505,10.0,,53.141321022345686,53.851648071345046,51.078371156488544,50.53711507397311,51.478150704935004,55.90169943749475,48.25971404805462,54.083269131959845,58.309518948453004,55.7584074378026,80.21221852062192,80.7093550959243,83.60023923410746,52.430906915673326,48.76474136094644,13.0
44.20407221060069,42.0,46.09772228646443,45.0,47.2652091923859,47.0,50.009999000199954,52.9528091794949,52.23983154643591,75.82216034906945,72.62231062146122,74.2024258363566,71.28113354878694,79.64923100695951,73.78346698278686,79.05694150420948,80.7093550959243,78.03204469959762,83.24061508662703,79.05694150420948,74.33034373659251,84.43340571124678,75.02666192761077,85.09406559801924,75.76938695805845,86.16263691415207,61.71709649683789,57.30619512757761,60.41522986797286,55.036351623268054,58.872744118140105,54.23098745182499,58.523499553598135,62.64183905346329,53.141321022345686,,2.0,3.6055512754639887,7.071067811865476,8.602325267042627,7.0,13.45362404707371,13.0,12.0,12.369316876852979,47.095647357266465,49.25444142409901,76.32168761236873,83.81527307120105,77.1621668954417,50.24937810560446
43.01162633521314,40.0,44.147480109288225,43.0,45.276925690687094,45.0,48.05205510693585,50.99019513592785,50.24937810560446,74.33034373659251,71.06335201775947,72.62231062146122,69.63476143421474,78.10249675906654,72.11102550927978,77.42092740338363,79.05694150420948,76.32168761236873,82.71033792700888,78.44743462982075,73.6817480791546,83.81527307120105,74.33034373659251,84.43340571124678,75.02666192761077,85.44003745317532,62.64982043070834,58.309518948453004,61.26989472816157,55.90169943749475,59.615434243155526,55.036351623268054,59.23681287847955,63.24555320336759,53.851648071345046,2.0,,3.0,5.830951894845301,7.071067811865476,5.0,12.206555615733702,11.180339887498945,10.0,10.44030650891055,45.09988913511872,47.2652091923859,74.62573282722255,83.24061508662703,76.53757247260981,50.48762224545735
40.607881008493905,40.11234224026316,43.56604182158393,43.104524124504614,45.04442251822083,45.09988913511872,47.51841748206689,50.48762224545735,50.039984012787215,72.34638899074369,69.20260110718382,70.80254232723568,67.95586803212802,76.21679604916491,70.49113419430843,75.71657678474378,77.38862965578342,74.79304780526061,79.81227975693966,75.58438992278762,70.83784299369934,80.95677859203639,71.5122367151245,81.59656855530139,72.2357252334328,82.63776376451628,60.03332407921454,55.7584074378026,58.591808301161,53.23532661682466,56.85947590331801,52.32590180780453,56.46237685397242,60.40695324215582,51.078371156488544,3.6055512754639887,3.0,,3.6055512754639887,5.385164807134505,5.830951894845301,9.899494936611664,10.198039027185569,10.44030650891055,10.0,45.0,47.04253394535629,73.0616178304313,80.36168241145776,73.6817480791546,47.51841748206689
37.20215047547654,37.336309405188935,40.311288741492746,40.311288741492746,42.0,42.2965719651132,44.28317965096907,47.2652091923859,47.0,68.76772498781678,65.60487786742691,67.20119046564577,64.35060217278468,72.62231062146122,66.88796603276258,72.11102550927978,73.78346698278686,71.19691004531025,77.12976079309466,72.80109889280519,68.00735254367721,78.16009211867653,68.62215385719105,78.74642849044012,69.28924880528002,79.71198153351854,59.908263203000644,55.803225713214815,58.309518948453004,53.0,56.35601121442149,51.97114584074514,55.90169943749475,59.615434243155526,50.53711507397311,7.071067811865476,5.830951894845301,3.6055512754639887,,2.0,5.385164807134505,6.4031242374328485,7.0,8.602325267042627,7.280109889280517,42.04759208325728,44.0,69.46221994724903,77.62087348130012,70.88018058667741,46.09772228646443
36.05551275463989,35.355339059327385,38.3275357934736,38.3275357934736,40.0,40.311288741492746,42.2965719651132,45.276925690687094,45.0,67.26812023536857,64.03124237432849,65.60487786742691,62.681735776859284,71.06335201775947,65.19202405202647,70.45565981523414,72.11102550927978,69.46221994724903,76.68767828015137,72.27724399837061,67.44627491566901,77.62087348130012,68.00735254367721,78.16009211867653,68.62215385719105,79.05694150420948,61.03277807866851,57.00877125495689,59.363288318623326,54.083269131959845,57.30619512757761,53.0,56.82429058070149,60.41522986797286,51.478150704935004,8.602325267042627,7.071067811865476,5.385164807134505,2.0,,5.0,5.385164807134505,5.0,7.071067811865476,5.385164807134505,40.04996878900158,42.0,67.7421582177598,77.12976079309466,70.3420215802759,46.57252408878007
40.311288741492746,35.0,39.293765408777,38.0,40.311288741492746,40.0,43.17406628984581,46.09772228646443,45.276925690687094,70.71067811865477,67.26812023536857,68.76772498781678,65.60487786742691,74.33034373659251,68.00735254367721,73.40980860893181,75.0,72.11102550927978,81.58431221748455,77.12976079309466,72.27724399837061,82.46211251235322,72.80109889280519,82.96987405076617,73.37574531137656,83.81527307120105,65.19202405202647,61.03277807866851,63.63175307973214,58.309518948453004,61.71709649683789,57.30619512757761,61.26989472816157,65.0,55.90169943749475,7.0,5.0,5.830951894845301,5.385164807134505,5.0,,10.198039027185569,7.071067811865476,5.0,5.830951894845301,40.11234224026316,42.2965719651132,70.45565981523414,82.0,75.18643494673756,51.41984052872977
30.805843601498733,34.48187929913333,36.0,37.36308338453881,38.3275357934736,39.293765408777,40.0,43.0,43.289721643826724,62.481997407253225,59.405386961116584,61.03277807866851,58.309518948453004,66.40030120413611,60.901559914340446,66.03786792439622,67.7421582177598,65.29931086925804,71.386273190299,66.94027188471824,62.096698785040104,72.27724399837061,62.64183905346329,72.80109889280519,63.24555320336759,73.6817480791546,58.25804665451803,54.488530903301104,56.4003546088143,51.22499389946279,54.083269131959845,50.0,53.535035257296684,56.82429058070149,48.25971404805462,13.45362404707371,12.206555615733702,9.899494936611664,6.4031242374328485,5.385164807134505,10.198039027185569,,5.830951894845301,10.44030650891055,7.6157731058639095,38.63935817272331,40.311288741492746,63.529520697074354,71.80529228406495,65.0,42.37924020083418
33.541019662496836,30.413812651491103,33.376638536557266,33.376638536557266,35.0,35.355339059327385,37.336309405188935,40.311288741492746,40.0,63.63961030678929,60.207972893961475,61.71709649683789,58.600341295934456,67.26812023536857,61.03277807866851,66.40030120413611,68.00735254367721,65.19202405202647,75.80237463298891,71.19691004531025,66.2872536767062,76.48529270389176,66.70832032063167,76.90253571892151,67.1863081289633,77.62087348130012,64.03124237432849,60.207972893961475,62.201286160335954,57.00877125495689,59.908263203000644,55.803225713214815,59.363288318623326,62.64982043070834,54.083269131959845,13.0,11.180339887498945,10.198039027185569,7.0,5.0,7.071067811865476,5.830951894845301,,5.0,2.0,35.05709628591621,37.0,63.513778032801675,76.11832893594027,69.2314957226839,48.10405388322278
38.078865529319536,30.0,34.48187929913333,33.0,35.355339059327385,35.0,38.3275357934736,41.23105625617661,40.311288741492746,67.26812023536857,63.63961030678929,65.06919393998976,61.71709649683789,70.71067811865477,64.03124237432849,69.52697318307479,71.06335201775947,68.00735254367721,80.75270893288967,76.11832893594027,71.19691004531025,81.39410298049853,71.58910531638178,81.78630692236935,72.03471385380801,82.46211251235322,68.00735254367721,64.03124237432849,66.2872536767062,61.03277807866851,64.14047084329829,59.908263203000644,63.63175307973214,67.08203932499369,58.309518948453004,12.0,10.0,10.44030650891055,8.602325267042627,7.071067811865476,5.0,10.44030650891055,5.0,,3.0,35.128336140500586,37.336309405188935,66.40030120413611,81.04936767180853,74.14849964766651,52.810983706043565
35.341194094144576,30.14962686336267,33.734255586866,33.13608305156178,35.05709628591621,35.128336140500586,37.65634076752546,40.607881008493905,40.04996878900158,65.06919393998976,61.554853586049575,63.0317380372777,59.816385714952716,68.62215385719105,62.201286160335954,67.62396025078685,69.20260110718382,66.2872536767062,77.78174593052024,73.16419889536138,68.24954212300622,78.44743462982075,68.65857557508748,78.85429601486528,69.12307863514182,79.55501241279521,65.60487786742691,61.71709649683789,63.820059542435395,58.600341295934456,61.58733636065129,57.42821606144492,61.05735008989499,64.41273166075166,55.7584074378026,12.369316876852979,10.44030650891055,10.0,7.280109889280517,5.385164807134505,5.830951894845301,7.6157731058639095,2.0,3.0,,35.0,37.05401462729781,64.63745044476924,78.08969202141856,71.19691004531025,49.979995998399204
37.735924528226406,5.830951894845301,7.280109889280517,3.6055512754639887,2.0,3.0,7.280109889280517,8.602325267042627,5.385164807134505,48.05205510693585,43.17406628984581,43.68065933568311,38.89730067755345,49.33558553417603,39.924929555354254,45.69463863518345,46.51881339845203,42.05948168962618,80.65358020571685,75.28612089887484,70.51950084905594,79.55501241279521,69.92138442565336,79.07591289387686,69.3757882838098,78.44743462982075,91.26335518706291,88.50988645343523,88.81441324469807,84.31488599292535,85.60373823613078,82.66196223173027,84.81155581640985,86.45229898620394,80.21221852062192,47.095647357266465,45.09988913511872,45.0,42.04759208325728,40.04996878900158,40.11234224026316,38.63935817272331,35.05709628591621,35.128336140500586,35.0,,2.8284271247461903,41.14608122288197,80.08120878208571,73.37574531137656,70.09279563550022
37.20215047547654,8.602325267042627,6.4031242374328485,6.4031242374328485,2.0,5.385164807134505,5.0,5.830951894845301,3.0,45.70557952810575,40.79215610874228,41.23105625617661,36.40054944640259,46.84015371452148,37.336309405188935,43.08131845707604,43.86342439892262,39.35733730830886,79.37883848986453,74.0,69.28924880528002,78.16009211867653,68.62215385719105,77.62087348130012,68.00735254367721,76.90253571892151,91.80958555619343,89.18520056601321,89.30845424706443,84.90583018850944,86.02325267042627,83.21658488546619,85.21150157109074,86.68333173107735,80.7093550959243,49.25444142409901,47.2652091923859,47.04253394535629,44.0,42.0,42.2965719651132,40.311288741492746,37.0,37.336309405188935,37.05401462729781,2.8284271247461903,,38.48376280978771,78.74642849044012,72.11102550927978,70.2922470831599
38.3275357934736,46.14108798023731,36.05551275463989,44.721359549995796,39.35733730830886,43.86342439892262,34.0,32.69556544854363,37.336309405188935,12.806248474865697,9.433981132056603,7.810249675906653,6.0,10.44030650891055,3.0,5.0,5.385164807134505,2.0,58.0,53.150729063673246,50.0,55.17245689653489,48.41487374764082,53.81449618829484,46.861498055439924,51.85556864985669,94.2019108086455,93.53608929178085,91.2414379544733,88.56635930193814,87.29833904490967,86.57944328765345,86.31338250816034,85.375640553966,83.60023923410746,76.32168761236873,74.62573282722255,73.0616178304313,69.46221994724903,67.7421582177598,70.45565981523414,63.529520697074354,63.513778032801675,66.40030120413611,64.63745044476924,41.14608122288197,38.48376280978771,,56.56854249492381,51.85556864985669,70.71067811865477
45.04442251822083,81.78630692236935,72.80109889280519,82.46211251235322,78.16009211867653,82.96987405076617,74.0,75.02666192761077,79.71198153351854,43.86342439892262,47.4236228055175,48.79549159502341,52.497618993626745,47.63402145525821,54.488530903301104,53.150729063673246,54.67174773134658,58.0,2.0,5.0,10.0,2.0,10.198039027185569,4.0,10.77032961426901,7.0,58.600341295934456,60.901559914340446,55.90169943749475,56.60388679233962,52.3545604508337,54.918120870983934,51.478150704935004,47.4236228055175,52.430906915673326,83.81527307120105,83.24061508662703,80.36168241145776,77.62087348130012,77.12976079309466,82.0,71.80529228406495,76.11832893594027,81.04936767180853,78.08969202141856,80.08120878208571,78.74642849044012,56.56854249492381,,7.0,42.42640687119285
38.05259518088089,74.95331880577403,66.09841147864296,75.69015788066504,71.47027354082255,76.24303246854758,67.41661516273271,68.54195795277518,73.16419889536138,39.408120990476064,42.5205832509386,44.04543109109048,47.38143096192854,43.56604182158393,49.57822102496216,48.82622246293481,50.47771785649585,53.41348144429457,7.280109889280517,2.0,3.0,7.280109889280517,3.6055512754639887,8.06225774829855,5.0,9.899494936611664,55.97320787662612,57.77542730261716,53.141321022345686,53.22593352868506,49.396356140913866,51.429563482495155,48.46648326421054,44.922154890432395,48.76474136094644,77.1621668954417,76.53757247260981,73.6817480791546,70.88018058667741,70.3420215802759,75.18643494673756,65.0,69.2314957226839,74.14849964766651,71.19691004531025,73.37574531137656,72.11102550927978,51.85556864985669,7.0,,37.8021163428716
35.341194094144576,68.62215385719105,64.03124237432849,70.71067811865477,68.76772498781678,72.13875518748573,67.20119046564577,69.63476143421474,72.62231062146122,62.0,62.201286160335954,64.19501538281614,64.77653896280658,67.0,67.7421582177598,70.178344238091,72.17340230306452,72.69112738154499,41.03656905736639,39.05124837953327,36.05551275463989,43.86342439892262,37.735924528226406,45.34313619501854,39.446165846632034,47.63402145525821,23.53720459187964,23.0,20.615528128088304,18.0,16.76305461424021,16.0,15.811388300841895,16.401219466856727,13.0,50.24937810560446,50.48762224545735,47.51841748206689,46.09772228646443,46.57252408878007,51.41984052872977,42.37924020083418,48.10405388322278,52.810983706043565,49.979995998399204,70.09279563550022,70.2922470831599,70.71067811865477,42.42640687119285,37.8021163428716,
